{
  "version": 1,
  "author": "Anonymous maker",
  "editor": "wokwi",
  "parts": [
    { "type": "wokwi-arduino-uno", "id": "uno", "top": 87, "left": -29.4, "attrs": {} },
    { "type": "wokwi-led", "id": "led1", "top": -90, "left": 42.2, "attrs": { "color": "red" } },
    {
      "type": "wokwi-led",
      "id": "led2",
      "top": -90,
      "left": 99.8,
      "attrs": { "color": "yellow" }
    },
    { "type": "wokwi-led", "id": "led3", "top": -90, "left": 167, "attrs": { "color": "blue" } },
    {
      "type": "wokwi-pushbutton-6mm",
      "id": "btn1",
      "top": -50.2,
      "left": -57.6,
      "attrs": { "color": "green" }
    },
    {
      "type": "wokwi-resistor",
      "id": "r1",
      "top": -14.4,
      "left": 153.05,
      "rotate": 90,
      "attrs": { "value": "220" }
    },
    {
      "type": "wokwi-resistor",
      "id": "r2",
      "top": -14.4,
      "left": 85.85,
      "rotate": 90,
      "attrs": { "value": "220" }
    },
    {
      "type": "wokwi-resistor",
      "id": "r3",
      "top": -14.4,
      "left": 28.25,
      "rotate": 90,
      "attrs": { "value": "220" }
    },
    {
      "type": "wokwi-resistor",
      "id": "r4",
      "top": 3.95,
      "left": -134.4,
      "rotate": 90,
      "attrs": { "value": "10000" }
    },
    { "type": "wokwi-gnd", "id": "gnd1", "top": 86.4, "left": -115.8, "attrs": {} }
  ],
  "connections": [
    [ "uno:2", "led1:A", "red", [ "v-57.6", "h-139.9" ] ],
    [ "uno:3", "led2:A", "gold", [ "v-38.4", "h-63.2" ] ],
    [ "led3:A", "uno:4", "blue", [ "v0", "h48", "v124.8", "h-57.6" ] ],
    [ "uno:GND.1", "gnd1:GND", "black", [ "v0" ] ],
    [ "r3:1", "led1:C", "green", [ "h0" ] ],
    [ "led2:C", "r2:1", "green", [ "v0" ] ],
    [ "led3:C", "r1:1", "green", [ "v0" ] ],
    [ "gnd1:GND", "r4:2", "black", [ "v0" ] ],
    [ "uno:GND.1", "r3:2", "black", [ "v-48", "h-28.5" ] ],
    [ "uno:GND.1", "r2:2", "black", [ "v-48", "h29.1" ] ],
    [ "uno:GND.1", "r1:2", "black", [ "v-48", "h96.3" ] ],
    [ "r4:1", "btn1:1.l", "green", [ "h-0.55", "v-27.95" ] ],
    [ "uno:5", "btn1:2.r", "green", [ "v-28.8", "h-197.8", "v-96" ] ]
  ],
  "dependencies": {}
}